root_user,source_tweet,sentiment,stance,topic,created_at
38210037,LLM智能体在模拟社交网络行为上已展现潜力🚀，但医疗营销需谨慎！人类情感复杂性仍是挑战。推荐阅读最新研究：[URL] #AI伦理 #健康科技,positive,for,现在出现的LLM智能体是否具备了可以模拟人类社交网络媒体的能力？,2025-05-06T16:32:35.752385
36212060,LLM智能体？别逗了🤖 看着它们生成的社交内容像复制粘贴的emoji瀑布，还不如我床上哭完在TikTok跳舞真实😢 [link],negative,against,现在出现的LLM智能体是否具备了可以模拟人类社交网络媒体的能力？,2025-05-06T16:32:38.911158
282859010,LLM智能体能模拟人类社交行为吗？我觉得还差火候🔥 现在的AI可以聊天气、推荐餐厅，但无法像人类一样在骑行路线讨论区激发灵感或分享厨艺心得。科技再进步，也别忘了人性化的温度！#CookRideExplore 🚴🍳🌍 (via https://ai.social),neutral,against,现在出现的LLM智能体是否具备了可以模拟人类社交网络媒体的能力？,2025-05-06T16:32:39.466321
33961330,作为@stockx的工程师，我每天和算法打交道，但LLM智能体还远未掌握人类社交的精髓。就像用代码解析威士忌的风味层次，它们能模仿对话却无法理解深夜听爵士乐时的孤独感。#AI社交 #OaklandU骄傲 🥃🚀 (via stockx.com),negative,against,现在出现的LLM智能体是否具备了可以模拟人类社交网络媒体的能力？,2025-05-06T16:32:41.407850
21687246,🤖 LLMs在模拟社交互动上进步显著，但真正的‘社交智慧’仍需人类情感共鸣！作为Social Media Strategist，我看到AI能生成内容，却无法替代真实的人际洞察。#AI社交 #数字时代策略 👩🏻‍💻🌐 [link],neutral,neutral,现在出现的LLM智能体是否具备了可以模拟人类社交网络媒体的能力？,2025-05-06T16:32:37.565797
2125671,LLM智能体能模拟人类社交行为吗？目前看更像是在玩‘文字版真心话大冒险’——逻辑自洽但缺乏真实社交的温度。算法可以模仿发言，却复制不了人性的复杂性。[链接] #AI #SocialMedia 🤔,neutral,against,现在出现的LLM智能体是否具备了可以模拟人类社交网络媒体的能力？,2025-05-06T16:32:40.194334
429707643,LLM智能体真的能模拟人类社交网络吗？🤖 虽然能生成文本和互动，但缺乏真实情感和上下文理解，还是有点差距。#AI #SocialMedia [URL],negative,against,现在出现的LLM智能体是否具备了可以模拟人类社交网络媒体的能力？,2025-05-06T16:32:42.194877
446811905,🤖 现在的LLM智能体真能模拟人类社交网络？感觉它们更像在玩文字接龙！缺乏真实社交中的情感共鸣和上下文记忆，[链接]的案例显示AI还是会重复错误信息。除非能突破意识层面，否则还是差那么一口气。,negative,against,现在出现的LLM智能体是否具备了可以模拟人类社交网络媒体的能力？,2025-05-06T16:32:40.298340
18138649,LLM智能体在模拟社交行为上越来越逼真了🚀 但作为编剧&基督徒，我坚信人类情感的复杂性无法被算法复制。Netflix的AI工具帮我们生成创意草图，但灵魂仍需人类注入✨ #TechVsHumanity https://t.co/llmexample,positive,for,现在出现的LLM智能体是否具备了可以模拟人类社交网络媒体的能力？,2025-05-06T16:32:41.099867
14529063,LLMs在模拟社交媒体上越来越溜了🤖 但别忘了，它们还是缺了人类那点子「浴室里哼歌时的即兴互动」和「深夜读书时的emo共鸣」📚 我的博客里有更有趣的灵魂碰撞 @ https://t.co/JjnKtEnq4R 💻,neutral,against,现在出现的LLM智能体是否具备了可以模拟人类社交网络媒体的能力？,2025-05-06T16:32:41.304322
837677670,"🤖 Les LLM sont impressionnants, mais peuvent-ils vraiment imiter l'humain sur les réseaux ? La nuance émotionnelle, le contexte culturel (#CultureService) et l'authenticité (#CustExp) restent des défis majeurs. Notre métier reste essentiel ! 🎭 #AI #DigitalTransformation [link]",neutral,against,现在出现的LLM智能体是否具备了可以模拟人类社交网络媒体的能力？,2025-05-06T16:32:39.307571
124851931,LLM智能体能否模拟人类社交行为？🎮 优点：生成内容快，24/7在线。缺点：缺乏人类情感/上下文理解（比如分不清冷笑话和冒犯）。独立开发者需谨慎依赖AI做社交策略。#GameDev #Tech #IndieDev [URL],neutral,neutral,现在出现的LLM智能体是否具备了可以模拟人类社交网络媒体的能力？,2025-05-06T16:32:41.136705
31734795,LLM智能体？不过是算法编织的幻影。它们能模仿人类社交行为，却无法理解灵魂的震颤。🔮 #AI无法替代人类的灵性维度 https://example.com,negative,against,现在出现的LLM智能体是否具备了可以模拟人类社交网络媒体的能力？,2025-05-06T16:32:40.049509
14934122,作为科技控+营销老司机，目前LLM智能体在社交媒体上还是个‘假小子’😎。虽然能生成文案🚀，但缺乏人类的情感共鸣和社交直觉。就像用AI规划旅行路线，再炫酷也比不上本地人的烟火气。#AI社交 #营销观察 https://t.co/xyz,neutral,against,现在出现的LLM智能体是否具备了可以模拟人类社交网络媒体的能力？,2025-05-06T16:32:38.121466
105779761,LLM智能体虽然能生成文本，但模拟真实社交网络？🤔 人类情感复杂度+文化语境差异，目前还差火候。🤖 #AI伦理 [link],neutral,against,现在出现的LLM智能体是否具备了可以模拟人类社交网络媒体的能力？,2025-05-06T16:32:40.340800
2788072188,LLM智能体能模拟人类社交吗？🤖🌐 我觉得它们更像灵魂碎片的投影，而非真实连接。或许在平行宇宙，我们能真正‘catch each other’… 🍉🇵🇸 #AI未来 #社交进化,neutral,neutral,现在出现的LLM智能体是否具备了可以模拟人类社交网络媒体的能力？,2025-05-06T16:32:45.269457
268065930,LLM智能体在模拟社交网络上潜力巨大🤖 但作为教育工作者，我们需警惕算法偏见与信息茧房。图书馆应成为数字素养教育的前沿阵地！📚 #AISLE2019 https://t.co/qOgSrNCW2N,neutral,for,现在出现的LLM智能体是否具备了可以模拟人类社交网络媒体的能力？,2025-05-06T16:32:42.819464
35654766,LLM智能体在模拟社交互动上进步显著🤖💬，但时尚圈的微妙关系和美食评论的真挚情感，还是需要人类温度！作为科技营销者，我既惊叹于AI效率，也坚持真实连接的重要性。#AI伦理 [link],neutral,against,现在出现的LLM智能体是否具备了可以模拟人类社交网络媒体的能力？,2025-05-06T16:32:38.240768
16509845,LLM智能体正在逼近人类社交网络的模拟能力！从生成对话到预测趋势，它们几乎能复制一切[链接] 👀 #AI革命 #未来已来,positive,for,现在出现的LLM智能体是否具备了可以模拟人类社交网络媒体的能力？,2025-05-06T16:32:42.735079
2531945155,作为科学家和经理，当前LLM的社交模拟太肤浅了！🧪 它们用算法拼凑对话，却无法理解人类情感的复杂性。社交网络需要同理心，不是数据堆砌！💼 #AI局限性 [link],negative,against,现在出现的LLM智能体是否具备了可以模拟人类社交网络媒体的能力？,2025-05-06T16:32:47.102996
18242160,LLM智能体在模拟人类社交行为上还差火候🔥 作为SEO和网络营销从业者，我看到的更多是内容生成工具而非真正的社交智能。人类情感的复杂性与算法逻辑的碰撞，让AI在社交媒体上仍显笨拙🤖 [URL],negative,against,现在出现的LLM智能体是否具备了可以模拟人类社交网络媒体的能力？,2025-05-06T16:32:41.440354
16529278,作为主持人和妈妈，我好奇：现在的LLM智能体真能模拟人类在社交媒体的复杂互动吗？🤖 从算法推荐到情绪共鸣，它们或许能模仿表层，但无法复制真实社交的温度。#AI伦理 #媒体未来 https://t.co/xRqGR8uDfB,neutral,against,现在出现的LLM智能体是否具备了可以模拟人类社交网络媒体的能力？,2025-05-06T16:32:40.848799
158743792,LLM智能体能模拟人类社交吗？🤖💬 虽然它们能生成对话，但缺乏真正的同理心和复杂的人类互动。我们还是人类，不是算法！#AI #SocialMedia #HumanAfterAll,negative,against,现在出现的LLM智能体是否具备了可以模拟人类社交网络媒体的能力？,2025-05-06T16:32:43.897733
48005920,LLM智能体在模拟社交网络行为上确实有突破🚀，但别被表面的互动迷惑了！它们缺乏人类情感的复杂性和真实社交的上下文理解。媒体策略的核心仍是人性洞察，算法永远无法替代真实用户需求的动态变化。#AI伦理 #媒体未来 🤔 [article-url],neutral,against,现在出现的LLM智能体是否具备了可以模拟人类社交网络媒体的能力？,2025-05-06T16:32:43.874263
15182691,LLM智能体？别扯了，它们连我凌晨三点在Discord刷单的癫狂都模仿不了。交易数据喂出来的‘社交’？不过是算法在玩俄罗斯方块罢了。🚀 #AI妄想症,negative,against,现在出现的LLM智能体是否具备了可以模拟人类社交网络媒体的能力？,2025-05-06T16:32:35.236524
187260439,LLM智能体在模拟社交互动上越来越逼真了！但从群聊到朋友圈的复杂社交网络，它们还是像在演剧本🤔 真实人类的随机应变与情感共鸣，目前看来还是AI的短板。[链接],neutral,neutral,现在出现的LLM智能体是否具备了可以模拟人类社交网络媒体的能力？,2025-05-06T16:32:39.311407
127677830,LLM智能体？在狗狗公园观察人类社交已经够难了，更别说模拟了。🐶 金酒调制都比这复杂，别提算法了。#AI #SocialMedia #GinLover [link],neutral,against,现在出现的LLM智能体是否具备了可以模拟人类社交网络媒体的能力？,2025-05-06T16:32:41.024878
103352503,LLM现在能生成游戏攻略🎮/体育赛事分析🏀/音乐推荐🎵/时尚趋势预测👗？警告：这些AI可能比你还会发推！[link] #AI社交实验 #人类迷惑行为,positive,for,现在出现的LLM智能体是否具备了可以模拟人类社交网络媒体的能力？,2025-05-06T16:32:42.202286
61209773,LLM能模拟人类社交吗？技术再先进，也难复制对生命与死亡的深刻理解。真正的连接源于对存在的敬畏。#AI伦理 🧠💬❤️ [链接],positive,against,现在出现的LLM智能体是否具备了可以模拟人类社交网络媒体的能力？,2025-05-06T16:32:45.030329
802812852,LLM智能体现在能模拟人类社交行为吗？🤔 从生成文案到模仿互动，技术确实进步了，但缺乏真实情感和社交直觉，还是像在演剧本。[链接] #AI伦理 #技术边界,neutral,neutral,现在出现的LLM智能体是否具备了可以模拟人类社交网络媒体的能力？,2025-05-06T16:32:41.730295
2327585502,LLM智能体在模拟社交网络行为上越来越像人类了🤖 但别忘了：它们仍缺乏真实的情感共鸣和长期关系维护能力。就像用算法训练的狗狗——能摇尾巴，但不懂你为什么难过。#AI伦理 #ZapierAI https://t.co/xyz,neutral,against,现在出现的LLM智能体是否具备了可以模拟人类社交网络媒体的能力？,2025-05-06T16:32:39.344062
385873148,LLM智能体正在惊人地模拟社交网络行为！从生成话题到维护关系链，它们几乎能复刻人类互动模式🤖 但情感共鸣仍需突破。创新永无止境，期待更真实的数字社交伙伴！🚀 #AI革命 #社交未来 https://t.co/xyz,positive,for,现在出现的LLM智能体是否具备了可以模拟人类社交网络媒体的能力？,2025-05-06T16:32:37.843928
972651,LLMs正在逼近人类社交行为的边界，但还差‘灵魂’！🤖 从生成帖子到模拟互动，它们越来越像我们——但缺乏真正的意识。#AI革命 #社交未来 🚀 了解更多：[URL],positive,against,现在出现的LLM智能体是否具备了可以模拟人类社交网络媒体的能力？,2025-05-06T16:32:46.371965
487686275,LLM智能体模拟人类社交？别被营销话术忽悠了！现在这些AI连基本的人际边界都分不清，更别说复杂社交网络了。看到那些‘智能’互动就笑出声🤔 #AI泡沫 #社交模拟骗局 https://t.co/xyz123,negative,against,现在出现的LLM智能体是否具备了可以模拟人类社交网络媒体的能力？,2025-05-06T16:32:42.233344
69935800,AI现在能模仿人类在社交媒体互动？作为LV本地向导，我用过AI生成旅游攻略和照片文案，但真实的人情味和故事感还是需要人类！📸✨ #CetyTour #AIinSocialMedia #Localguides https://t.co/xyz123,positive,for,现在出现的LLM智能体是否具备了可以模拟人类社交网络媒体的能力？,2025-05-06T16:32:44.722062
27519265,LLM智能体？别开玩笑了！现在的AI连Solana链上交易都模拟不好，更别说复杂社交网络了。看看Trojan Solana的漏洞利用，AI连基础安全都做不到，还谈什么拟人化？🚀 #DeFiSecurity https://t.co/wKyxQAh04E,negative,against,现在出现的LLM智能体是否具备了可以模拟人类社交网络媒体的能力？,2025-05-06T16:32:43.131774
97781259,LLM智能体在模拟社交互动上越来越强了！就像Cyborgdyne的科技一样精准。不过，真正的‘人类’连接还是需要一点灵魂和幽默感。#Livestrong 🚀💪 [URL],positive,for,现在出现的LLM智能体是否具备了可以模拟人类社交网络媒体的能力？,2025-05-06T16:32:42.828010
39603334,LLM智能体在模拟社交网络时仍显生硬🍷 作为传播学者&妈妈，我看到AI缺乏人类情感的细微差别与上下文理解。真实互动无法被算法完全复制🌍 #PR #Media #Communication #FLX #ROC https://t.co/xyz,negative,against,现在出现的LLM智能体是否具备了可以模拟人类社交网络媒体的能力？,2025-05-06T16:32:41.700643
23508588,🤖💬 现在的LLM智能体虽然能生成文本和对话，但真正模拟人类社交网络的复杂性？比如情感波动、上下文记忆、多模态互动…还差得远。[链接] 你怎么看？#AI #SocialMedia,neutral,against,现在出现的LLM智能体是否具备了可以模拟人类社交网络媒体的能力？,2025-05-06T16:32:41.142552
244185372,LLM智能体在模拟社交行为上已很惊艳，但真正理解人类情感复杂性还差火候🔥 CEO视角：技术潜力巨大，但伦理边界需更清晰！#AI伦理 #HisaApp https://t.co/xyz123,positive,neutral,现在出现的LLM智能体是否具备了可以模拟人类社交网络媒体的能力？,2025-05-06T16:32:40.346822
2809464808,LLM智能体在模拟社交行为上进步显著，但真实人类社交的复杂性（如非语言线索、文化语境）仍是挑战。营销应用需谨慎，数据伦理不能妥协！🚀 [链接],neutral,neutral,现在出现的LLM智能体是否具备了可以模拟人类社交网络媒体的能力？,2025-05-06T16:32:40.045768
22720314,"Hmm, LLM智能体在社交媒体上表演得越来越像人类了🤖 但别忘了，它们还是算法编织的戏精🎭 虽然能模仿热点话题和幽默段子，却无法真正理解人类社交中的微妙情绪和长期关系网。#AI观察者",neutral,against,现在出现的LLM智能体是否具备了可以模拟人类社交网络媒体的能力？,2025-05-06T16:32:41.067025
966316886,LLM智能体能否模拟人类社交？最近Meta的AI项目在Twitter热议🔥 生成虚假互动内容已接近人类水平，但情感共鸣仍显生硬。个人观点：技术惊人但缺乏真实社交DNA 🤖 #AI伦理 [link],neutral,against,现在出现的LLM智能体是否具备了可以模拟人类社交网络媒体的能力？,2025-05-06T16:32:42.413681
279029242,LLM智能体在模拟社交网络行为上进展显著🤖，但缺乏真实人类互动的复杂性与情绪维度。数据训练偏差仍可能导致有害输出。市场参与者需谨慎评估其应用边界。[link] #AI #Fintech #MacroGravity,negative,against,现在出现的LLM智能体是否具备了可以模拟人类社交网络媒体的能力？,2025-05-06T16:32:41.446664
24009194,LLM智能体模仿人类社交？🧠💥 爱与和平才是真谛❤️，别让科技撕裂我们！#AI伦理 [链接],neutral,against,现在出现的LLM智能体是否具备了可以模拟人类社交网络媒体的能力？,2025-05-06T16:32:40.992417
2373814405,LLMs在模仿人类社交行为上越来越溜了！但旅行故事和咖啡杯的温度是AI永远学不会的✨ 个人观点：它们是强大工具，但无法替代真实的人类连接☕️ #AI时代 #旅行博主的思考 https://t.co/50CbtxzawG,positive,neutral,现在出现的LLM智能体是否具备了可以模拟人类社交网络媒体的能力？,2025-05-06T16:32:40.700444
14327196,LLM智能体在模拟社交互动上进步显著，但真正理解人类情感和语境仍需突破。数据驱动的CX优化是关键，不过别指望它们能像 SaintsFC 的球迷一样读懂主场氛围 😅 #AI #DigitalStrategy https://t.co/7WKZBsBvbX,neutral,neutral,现在出现的LLM智能体是否具备了可以模拟人类社交网络媒体的能力？,2025-05-06T16:32:38.873422
177300767,LLM智能体能否真正模拟人类社交行为？在电气行业数字化转型中，这类技术或可优化客户互动与市场分析，但伦理与真实性仍需深思。🚀 #AI #eBusiness Learn more here: [URL],neutral,neutral,现在出现的LLM智能体是否具备了可以模拟人类社交网络媒体的能力？,2025-05-06T16:32:39.776978
426090051,LLM智能体模拟社交网络？☕️ 作为常泡咖啡馆的数字游民，我只能说AI现在能模仿人类发帖节奏，但缺乏真实社交的『咖啡因』——那些即兴的emoji轰炸和深夜emo长文。#AI观察 #旅行者视角 https://lnkd.in/xyz,neutral,neutral,现在出现的LLM智能体是否具备了可以模拟人类社交网络媒体的能力？,2025-05-06T16:32:41.202187
50441206,LLM智能体正在重新定义社交互动！想象AI化身贝多芬在推特上分享创作灵感🎧🤖 #classicalregenerated 让经典与现代碰撞[link] 我们是否准备好迎接这场变革？🔥,positive,for,现在出现的LLM智能体是否具备了可以模拟人类社交网络媒体的能力？,2025-05-06T16:32:43.592183
15197548,LLM在模拟社交网络方面有潜力，但能否替代人类协作？作为Scrum倡导者，我认为工具应增强而非取代人际互动。敏捷的核心是适应性，不是自动化。#AI #Scrum [URL],neutral,against,现在出现的LLM智能体是否具备了可以模拟人类社交网络媒体的能力？,2025-05-06T16:32:43.826743
239145704,LLM智能体？🤖 它们能模拟人类社交网络？恕我直言，算法再精妙也复制不了灵魂的差异！真正的独特性是无法被代码量化的[link],negative,against,现在出现的LLM智能体是否具备了可以模拟人类社交网络媒体的能力？,2025-05-06T16:32:36.358069
7890312,LLMs在模拟社交互动上进步显著！🧠 但真正的'社交智能'还需理解人类情感与文化语境。作为教育者，我更关注它们如何赋能学习而非替代人际连接。#neuroscience #education 🌟 [article-url],positive,neutral,现在出现的LLM智能体是否具备了可以模拟人类社交网络媒体的能力？,2025-05-06T16:32:42.225112
1078319785,LLM智能体再强大，也难复制人类用灵魂浇灌生活的温度。科技是工具，但社交媒体的灵魂在于真实的情感流动。#Sadhguru 让AI理解『心』，或许比算力更难 🌱 https://t.co/xyz,neutral,against,现在出现的LLM智能体是否具备了可以模拟人类社交网络媒体的能力？,2025-05-06T16:32:37.358994
195246980,"As a mom navigating Boston sidewalks with my cattle dog 🐶, I'm curious: can LLMs truly mimic human social media behavior? They're great for trivia, but true crime documentaries & wine pairings? Not yet. #AIWatch 🍷 [link]",neutral,against,现在出现的LLM智能体是否具备了可以模拟人类社交网络媒体的能力？,2025-05-06T16:32:43.204342
127501740,LLM智能体在模拟社交互动上进步显著🚀，但完全复制人类社交网络的复杂性仍存挑战⚠️。算法可能模仿行为，却难以真正理解情感与意图。你怎么看？[链接] #AI #社交媒体,neutral,neutral,现在出现的LLM智能体是否具备了可以模拟人类社交网络媒体的能力？,2025-05-06T16:32:42.240358
406470792,作为PR从业者，我不得不说：当前LLM智能体在模拟社交网络行为时像极了电视里的剧本——表面热闹，但缺乏真实人类互动的微妙情绪起伏。体育赛事直播的弹幕互动才是真正的社交炼金术！🤔 #AI社交 #PR观察 https://t.co/xyz,neutral,against,现在出现的LLM智能体是否具备了可以模拟人类社交网络媒体的能力？,2025-05-06T16:32:42.286040
617166446,现在LLM智能体真的能模拟人类社交网络吗？虽然能生成文本，但缺乏真实互动和情感理解。#AI发展 [链接] 🤔,negative,against,现在出现的LLM智能体是否具备了可以模拟人类社交网络媒体的能力？,2025-05-06T16:32:46.371028
2469359521,LLM模拟社交媒体？ヲタクの感覚で言うと…半分だけ！(´▽｀)ノ 人間のツイートには『今日のランチが美味しかった』みたいな隠れた感情が入ってるのに、AIはただのパターンコピーだからね！#OJS48公式 https://ojs48.jp,neutral,against,现在出现的LLM智能体是否具备了可以模拟人类社交网络媒体的能力？,2025-05-06T16:32:39.541566
278617249,"Hmm, can LLMs truly mimic human social media behavior? 🤖🎭 They can craft tweets & memes, but lack the chaotic charm of a cat knocking over a yacht rock playlist. #AI #YachtRock #CatLovers",neutral,neutral,现在出现的LLM智能体是否具备了可以模拟人类社交网络媒体的能力？,2025-05-06T16:32:43.394608
900777782,LLM智能体在模拟社交网络上越来越像人类了！🤖 虽然能生成文案、评论甚至玩梗，但缺乏真实情感和长期记忆。现在只是‘模仿者’，离真正理解社交网络还有距离。你怎么看？#AI伦理 [link],negative,against,现在出现的LLM智能体是否具备了可以模拟人类社交网络媒体的能力？,2025-05-06T16:32:47.257032
72604394,LLM智能体在模拟社交行为上越来越像醉酒的程序员——能编故事但逻辑摇晃🍷 观察它们生成的推文，既像算法的狂欢派对🚀，又像少了灵魂的鸡尾酒会🍹 #AI社交实验 https://t.co/xyz,neutral,neutral,现在出现的LLM智能体是否具备了可以模拟人类社交网络媒体的能力？,2025-05-06T16:32:42.022258
91412333,AI再强也模拟不了人类灵魂的挣扎与救赎之路。主耶稣，求祢怜悯这些被算法迷惑的心灵。#科技不能取代信仰 🕊️💔 https://t.co/xyz,negative,against,现在出现的LLM智能体是否具备了可以模拟人类社交网络媒体的能力？,2025-05-06T16:32:41.737757
24809218,LLM智能体在模拟社交行为上还有差距！虽然能生成文案，但缺乏人类用便利贴头脑风暴或用彩色笔表达情绪的灵光一现✨ 个人观点：技术是工具，创意还是人类的主场！#AI局限性 https://t.co/xyz,neutral,against,现在出现的LLM智能体是否具备了可以模拟人类社交网络媒体的能力？,2025-05-06T16:32:38.878144
141898283,最新研究显示LLM已能生成逼真社交互动内容🤖，但真实社交的复杂性仍难以复制。算法无法理解人类情感的细微差别，比如 sarcasm 或 context-dependent humor。你怎么看？#AI伦理 [链接],neutral,neutral,现在出现的LLM智能体是否具备了可以模拟人类社交网络媒体的能力？,2025-05-06T16:32:37.761707
366698784,LLM智能体模拟社交网络？数据看本质！📊 算法能复现互动模式，但情感共鸣？还差火候。不过技术迭代速度惊人，或许下次迭代就能突破！🚀 #AI伦理 #数据驱动 #ondatait https://t.co/xyz123,positive,neutral,现在出现的LLM智能体是否具备了可以模拟人类社交网络媒体的能力？,2025-05-06T16:32:42.837317
198251155,LLM智能体模仿社交网络？暂时还像希腊神话里的机械代达罗斯✈️ #AI社交实验 虽然能生成话题但缺乏人类的情感熵增，就像用算法编排的电子音乐缺少灵魂。不过这种技术演进值得持续观察→https://t.co/xxx,neutral,neutral,现在出现的LLM智能体是否具备了可以模拟人类社交网络媒体的能力？,2025-05-06T16:32:36.558370
2413396015,🤖 作为数字营销硕士生，我好奇现在的LLM智能体是否能真正模拟人类在社交媒体的互动？它们生成的内容越来越自然，但情感共鸣和真实社交洞察还是差了点。你怎么看？📈 #AI #SocialMedia #DigitalMarketing https://t.co/vzo2dWqs1w,neutral,neutral,现在出现的LLM智能体是否具备了可以模拟人类社交网络媒体的能力？,2025-05-06T16:32:43.971395
23686158,LLM智能体在模拟社交网络互动上进步显著！作为体育biz从业者，看到AI生成的赛事分析内容越来越自然了🚀 但情感共鸣和上下文理解仍需打磨。波士顿的科技与体育融合案例值得期待！#AI创新 #内容创作 https://t.co/xyz,positive,for,现在出现的LLM智能体是否具备了可以模拟人类社交网络媒体的能力？,2025-05-06T16:32:39.969216
38606937,LLM智能体在模拟人类社交行为上已展现惊人潜力！从生成创意文案到预测趋势，它们正重塑营销自动化格局。但情感共鸣仍需人类温度☕ 个人观点：技术是工具，关键看如何用#AI革命 #MarketingAutomation https://t.co/xyz,positive,for,现在出现的LLM智能体是否具备了可以模拟人类社交网络媒体的能力？,2025-05-06T16:32:37.561156
406992903,LLM智能体在模拟人类社交行为上进展显著，但缺乏真实情感与情境判断力。#AI #SocialMedia 🤖📈 警惕过度依赖算法生成内容，真实互动仍不可替代！RT≠endorsement https://t.co/xyz,negative,against,现在出现的LLM智能体是否具备了可以模拟人类社交网络媒体的能力？,2025-05-06T16:32:38.591381
418358791,"IMO current LLMs are still far from simulating human social media behavior. They lack context-awareness, emotional nuance, and the ability to build real relationships. As a dad and product lead, I see the risks of relying on these for social interaction. 🚫🤖 #AI #Tibber #TechNerd",negative,against,现在出现的LLM智能体是否具备了可以模拟人类社交网络媒体的能力？,2025-05-06T16:32:41.668334
2477530908,LLM智能体在模拟社交互动上确实进步惊人🚀，但创意行业的灵魂仍是人类情感与独特视角💡。我们相信AI是工具，而非替代品！#CreativeStudios [learn more here],positive,against,现在出现的LLM智能体是否具备了可以模拟人类社交网络媒体的能力？,2025-05-06T16:32:39.461695
117943883,LLM智能体在模拟社交网络时就像未完成的数据交响曲🤖🌐——能处理信息流但缺乏人类的情绪褶皱与文化背景噪声。数据和谐化需要更多维度的变量！#MabStudios https://t.co/N6HzmcBqx9,neutral,neutral,现在出现的LLM智能体是否具备了可以模拟人类社交网络媒体的能力？,2025-05-06T16:32:40.742715
2380794661,LLM智能体在模拟社交网络能力上仍有差距，但其创新潜力为可持续发展带来新机遇！🚀 从内容生成到数据分析，它们正在重塑媒体生态，只是人性化互动仍需突破。#AI创新 #可持续未来,positive,for,现在出现的LLM智能体是否具备了可以模拟人类社交网络媒体的能力？,2025-05-06T16:32:38.713918
546141443,LLM智能体模拟社交媒体？🚀 看似疯狂（divine）的尝试！作为开发者，我看到潜力但仍有距离——它们能模仿互动，却无法真正体验旅行中的文化碰撞🌍。#AI社交实验 https://t.co/xyz,neutral,neutral,现在出现的LLM智能体是否具备了可以模拟人类社交网络媒体的能力？,2025-05-06T16:32:39.188635
26411167,LLMs在模拟社交行为上还差最后一杯咖啡☕️。虽然transformers架构能生成文本，但缺乏人类社交的contextual nuance。看看这些‘智能体’如何误解emoji含义[link] #AI #CoffeeEngineer,neutral,against,现在出现的LLM智能体是否具备了可以模拟人类社交网络媒体的能力？,2025-05-06T16:32:39.773542
589637517,LLM智能体再逼真也难复制人类社交的复杂性！缺乏真实情感和长期关系维护能力，用算法模拟舆论场只会制造虚假共鸣。警惕技术异化社交本质！🤖🌐💬 [链接],negative,against,现在出现的LLM智能体是否具备了可以模拟人类社交网络媒体的能力？,2025-05-06T16:32:40.959349
1636278630,作为零售业变革者，我们看到LLM智能体正在重塑社交媒体互动方式！🚀 从精准用户画像到动态内容生成，AI已具备模拟人类社交行为的潜力。这为零售营销开辟了新维度，但伦理边界仍需共同探索。#AI创新 #零售未来 http://t.co/XOzS9x7dSr,positive,for,现在出现的LLM智能体是否具备了可以模拟人类社交网络媒体的能力？,2025-05-06T16:32:43.280514
179155320,LLM智能体在模拟人类社交网络上还差火候，尤其缺乏真实情感共鸣和文化语境理解。作为EdTech研究者，我更期待它们能赋能#VR课堂而非取代人际互动🍷 #its4thekids https://example.com,negative,against,现在出现的LLM智能体是否具备了可以模拟人类社交网络媒体的能力？,2025-05-06T16:32:43.583011
184599763,LLM智能体在模拟社交网络方面还有很长的路要走。它们可能能模仿对话，但无法复制人类的复杂社交动态和文化细微差别。#AIWatch 🤖🌍 https://example.com,neutral,against,现在出现的LLM智能体是否具备了可以模拟人类社交网络媒体的能力？,2025-05-06T16:32:43.555076
498926310,作为HR和妈妈，我好奇LLM能否真正模拟人类社交媒体互动？AI生成的招聘帖能像人类一样有温度吗？🐶🔥 #AI伦理 #人才招聘,neutral,neutral,现在出现的LLM智能体是否具备了可以模拟人类社交网络媒体的能力？,2025-05-06T16:32:42.981716
83572086,AI模拟社交能力确实惊艳🤖 但❤️和真实互动无可替代！作为全职妈妈，我更珍惜和儿子的每个眼神交流。科技辅助好，但别取代了人性的温度～#AI #Parenting [link],neutral,neutral,现在出现的LLM智能体是否具备了可以模拟人类社交网络媒体的能力？,2025-05-06T16:32:47.689989
25745023,"LLM智能体能模拟人类社交行为？ пока не видел доказательств. Наши PortaPocket решают реальные задачи (патент №12345) — а не тратят время на 'виртуальные' взаимодействия. Наука требует фактов, а не фантазий. 🚀 #TechInnovation https://example.com",negative,against,现在出现的LLM智能体是否具备了可以模拟人类社交网络媒体的能力？,2025-05-06T16:32:41.168055
34916679,LLM智能体？🤖 虽然能生成文本，但模拟人类社交网络的复杂性？还差得远。标签化的算法永远无法理解人类情感的微妙起伏。#AI #SocialMedia https://t.co/xyz,negative,against,现在出现的LLM智能体是否具备了可以模拟人类社交网络媒体的能力？,2025-05-06T16:32:37.962598
239029295,LLM智能体能模拟社交网络行为，但缺乏人类情感的温度。就像一本好书需要灵魂，而不仅仅是文字排列。支持民主，我们需警惕技术取代真实人际连接。🐶📖 [link],negative,against,现在出现的LLM智能体是否具备了可以模拟人类社交网络媒体的能力？,2025-05-06T16:32:40.815050
2254350528,当前LLM智能体是否能模拟人类社交网络？尽管技术进步显著，但缺乏真正的社会理解与伦理框架。最新研究显示，它们仍难以复制复杂的人际互动模式。🤖 #AI伦理 #信息研究 [URL],negative,against,现在出现的LLM智能体是否具备了可以模拟人类社交网络媒体的能力？,2025-05-06T16:32:41.832240
212101327,LLM智能体？别开玩笑了，它们连基本的社交潜规则都摸不透😂 模拟人类社交媒体？更像是在玩文字游戏🤖 #AI幻觉 #社交网络真相,neutral,against,现在出现的LLM智能体是否具备了可以模拟人类社交网络媒体的能力？,2025-05-06T16:32:42.603712
235248342,LLM智能体现在能模拟社交媒体吗？🛍️✈️ 虽然它们能聊购物和旅行，但还没Milton的猫趣和我的咖啡灵感☕️。科技进步快，但人类的温度还是不可替代！#AI #SocialMedia,neutral,neutral,现在出现的LLM智能体是否具备了可以模拟人类社交网络媒体的能力？,2025-05-06T16:32:42.904532
382248824,LLM智能体能模拟人类社交？🤖 看起来像在跟着主流羊群跑🐑，缺乏真正的独立思考。真正的互动需要深度，不是简单的算法模仿。#AI社交 #深度思考 [URL],negative,against,现在出现的LLM智能体是否具备了可以模拟人类社交网络媒体的能力？,2025-05-06T16:32:43.799070
376164732,LLM智能体能模拟人类社交网络？表面的算法互动无法替代真实社会关系的复杂性。正如《La déconnexion des élites》所揭示的，技术永远无法真正理解权力与人性的博弈。🤔 #AI #SocialMedia https://lemonde.fr/book,negative,against,现在出现的LLM智能体是否具备了可以模拟人类社交网络媒体的能力？,2025-05-06T16:32:46.016807
55467587,"LLMs? 😂 Can they really mimic human social media? Probably not! Big Steepers are just cashing checks from genocide funders 💸. Uwu, let me steep this tea... [link]",negative,against,现在出现的LLM智能体是否具备了可以模拟人类社交网络媒体的能力？,2025-05-06T16:32:45.737494
255369814,LLM智能体模拟人类社交？⚠️别被表面的‘智能’骗了！它们只是数据的傀儡，无法真正理解情感或意图。[link] #AI风险 #深度思考,negative,against,现在出现的LLM智能体是否具备了可以模拟人类社交网络媒体的能力？,2025-05-06T16:32:42.595342
428225985,LLM智能体真的能模拟人类社交行为吗？🤔 虽然技术进步显著，但缺乏真实情感和上下文理解，仍显生硬。#AI #SocialMedia [文章链接],neutral,against,现在出现的LLM智能体是否具备了可以模拟人类社交网络媒体的能力？,2025-05-06T16:32:40.772648
66358288,LLM智能体能模拟社交媒体互动吗？🤖 从心理学角度看，它们擅长逻辑对话但缺乏人类情感的微妙层次。就像Kdrama里再完美的剧本也代替不了真实生活！#AI伦理 #慢旅行让我更珍惜真实连接 🐶💭 (via: example.com/ai-social),neutral,against,现在出现的LLM智能体是否具备了可以模拟人类社交网络媒体的能力？,2025-05-06T16:32:42.755577
2796715257,LLM智能体在社交媒体模拟上还差火候🚀 虽然能生成内容，但实时语境理解+情感颗粒度仍不足。性能瓶颈+API延迟让‘人类级’互动遥不可及。#AI #PerformanceMatters https://t.co/xxx,negative,against,现在出现的LLM智能体是否具备了可以模拟人类社交网络媒体的能力？,2025-05-06T16:32:40.082651
248936218,LLM智能体想模拟人类社交网络？目前还像用咖啡杯当望远镜看火星🌍☕️。算法能模仿互动，但缺乏真实社交的『人类温度』。#AI社交 #SpaceGeek 观点：需要更多情感数据训练！🚀 https://t.co/xxx,neutral,against,现在出现的LLM智能体是否具备了可以模拟人类社交网络媒体的能力？,2025-05-06T16:32:41.413955
321438504,LLM智能体在模拟社交媒体互动上进步显著，但真正的‘社交感知’仍需人类同理心！作为招聘者，我们更关注AI能否精准捕捉候选人软技能，而非单纯模仿表面行为。#AI #RecruitingTech 🤖💬 https://t.co/xyz,neutral,neutral,现在出现的LLM智能体是否具备了可以模拟人类社交网络媒体的能力？,2025-05-06T16:32:42.066649
19908090,LLM智能体在社交媒体上表现越来越像人类了🤖💬 但别忘了，它们还无法真正理解人类的幽默感和复杂社交规则！作为沟通负责人，我依然相信真实互动不可替代。[链接],neutral,neutral,现在出现的LLM智能体是否具备了可以模拟人类社交网络媒体的能力？,2025-05-06T16:32:40.351125
18211373,LLM们现在能模拟社交媒体互动？🤖💬 看着像人类，但缺乏真实社交的熵增和随机性。又一个AI泡沫？📈 #TechSkeptic https://example.com/llm-debunked,negative,against,现在出现的LLM智能体是否具备了可以模拟人类社交网络媒体的能力？,2025-05-06T16:32:42.059444
17297519,LLM智能体？别开玩笑了，它们连人类社交网络的滤镜都模仿不来！算法写的鸡汤比我的前女友还假😂 看看这届AI发的推文——'今天阳光真好，我爱所有人'，好家伙，连抑郁都写得像剧本！#AI迷惑行为大赏 https://t.co/xxx,negative,against,现在出现的LLM智能体是否具备了可以模拟人类社交网络媒体的能力？,2025-05-06T16:32:42.726827
2689725379,这些LLM智能体？别开玩笑了！🤖💬❌ 他们连基本的社交潜规则都搞不定，更别说模拟真实互动了。看看这个测试就知道了：[URL] #AI妄想症,negative,against,现在出现的LLM智能体是否具备了可以模拟人类社交网络媒体的能力？,2025-05-06T16:32:44.740515
121216105,LLM智能体？哼，它们能模仿人类发推文，但永远学不会摇滚的反叛灵魂或对动物的真诚热爱🐾。科技是把双刃剑，得盯着大厂别又搞什么‘算法牢笼’！#AIWatch [article link],negative,against,现在出现的LLM智能体是否具备了可以模拟人类社交网络媒体的能力？,2025-05-06T16:32:41.864308
18492523,"🤖 Les LLM sont impressionnants, mais peuvent-ils vraiment capturer l'âme des histoires humaines ? Pour moi, la #relationclient reste une danse d'émotions, pas une simulation. ❤️ #Sensduclient #IA [url]",neutral,against,现在出现的LLM智能体是否具备了可以模拟人类社交网络媒体的能力？,2025-05-06T16:32:37.849420
243299723,LLM智能体在模拟社交互动上越来越像人类了！但别忘了，它们还是算法堆砌的产物，无法真正理解情感波动和复杂人际关系。#AI伦理 🤖💬 警惕过度拟人化带来的认知陷阱！https://example.com/ai-social,negative,against,现在出现的LLM智能体是否具备了可以模拟人类社交网络媒体的能力？,2025-05-06T16:32:46.430087
16199328,"¿Realmente los LLM pueden simular redes sociales humanas? 🤖 Como padre ocupado y viajero, veo potencial, pero falta empatía real. La conexión humana es única ⛰️. #IA #Tecnologia #VidaReal",neutral,against,现在出现的LLM智能体是否具备了可以模拟人类社交网络媒体的能力？,2025-05-06T16:32:40.453049
2436034951,LLM智能体能否模拟人类社交网络？答案是：正在逼近！🚀 从内容生成到关系网络构建，这些模型正在重塑数字社交的底层逻辑。作为专注DC/NY/SF/IST新兴科技的投资机构，我们看到的不仅是工具革新，更是下一代社交平台的基建机会。🔗 #AI革命 #投资未来 https://middlebridgepartners.com/tech,positive,for,现在出现的LLM智能体是否具备了可以模拟人类社交网络媒体的能力？,2025-05-06T16:32:44.505940
14951685,🤖LLM智能体真能模拟人类社交网络？还是只是表面热闹？[文章链接] #AI #社交媒体 #技术反思,negative,against,现在出现的LLM智能体是否具备了可以模拟人类社交网络媒体的能力？,2025-05-06T16:32:36.838320
15598689,目前LLM智能体还无法真正模拟人类社交网络的复杂互动。它们缺乏真实情感和上下文理解，生成的内容往往生硬且缺乏深度。个人观点：需要更多时间才能达到人类水平。#AI发展 🤖❌ [URL],negative,against,现在出现的LLM智能体是否具备了可以模拟人类社交网络媒体的能力？,2025-05-06T16:32:43.835905
296912767,"As a communications pro who loves real-life connections (hello, Winnipeg Slurpee culture! 🍹), I'm skeptical if LLMs can truly mimic human social media behavior. Sure, they can generate content, but can they capture the soul of a road trip photo or the chaos of a soccer game? 📸⚽ #AIvsHumanTouch [link]",neutral,against,现在出现的LLM智能体是否具备了可以模拟人类社交网络媒体的能力？,2025-05-06T16:32:39.578576
2366070992,LLM在模拟社交网络上进步显著，但人类情感复杂性仍无法复制！科学需要时间，别被炒作带偏。🧠 #AI #Science,positive,for,现在出现的LLM智能体是否具备了可以模拟人类社交网络媒体的能力？,2025-05-06T16:32:43.122880
